ACT001;5000;8000;8000;13500;C;Consultation généraliste  de jour;1
ACT002;6000;10000;10000;15000;CS;Consultation spécialisée de jour;1
ACT003;10500;10500;10500;15000;Cnuit;Consultation généraliste de nuit ;1
ACT004;12500;12500;12500;20000;Csnuit;Consultation spécialisée de nuit;1
ACT005;0;0;0;0;Cgr;Consultation gratuite;1
ACT006;0;0;0;0;Csgr;Consultation spécialisée gratuite;1
ACT007;500;1000;1000;1500;Cper;Consultation du personnel;1
ACT008;500;1000;1000;2000;CSper;Consultation spécialisée du personnel;1
ACT009;4000;4000;4000;4000;IDR;Intra Dermo Réaction (IDR);10
ACT011;1000;1000;1000;1000;IM;IM (Intramusculaire);11
ACT012;1000;1000;1000;1000;IV;IV (Intraveineuse);11
ACT013;1000;1000;1000;1000;P sang;Prise de sang;8
ACT014;8000;8000;8000;8000;Kit de pansement (Sans bandes);Kit de pansement (Sans bandes);23
ACT015;2000;2000;2000;2000;Pansement;Pansement;6
ACT016;3000;3000;3000;3000;Pansement type 2;Pansement type 3;6
ACT017;5000;8000;8000;9500;PV;Prélévement Vaginal;9
ACT018;2000;2000;2000;2000;SO;Soins d'oreilles;11
ACT019;15000;15000;15000;15000;V;Visite généraliste de jour ;24
ACT020;11000;17500;17500;11000;VN;Visite généraliste de nuit;24
ACT021;3000;3000;3000;3000;CS-F;Consultation sage-femme;1
ACT022;1000;1000;1000;1000;Ctle;Contréle;3
ACT024;2000;2000;2000;2000;DRP;Désobstruction rhino pharyngé;11
ACT026;10000;14000;14000;13500;K10;Acte en K * 10 fois sa valeur;2
ACT027;15000;21000;21000;20250;K15;Acte en K * 15 fois sa valeur;2
ACT028;20000;28000;28000;27000;K20;Acte en K * 20 fois sa valeur;2
ACT029;2500;2500;2500;6000;Vaccination;Vaccination(Vaccins);4
ACT031;6000;10500;10500;13500;Cjf;Consultation de Jour Férié;1
ACT032;7500;12500;12500;15000;Csjf;Consultation spécialisée de Jour Férié;1
ACT033;5000;7000;7000;6750;K5;Acte en K * 5 fois sa valeur;2
ACT034;0;0;0;0;RL;Retour labo(RL);24
ACT035;5000;14000;14000;10000;Auto refractométrie;Auto refractometrie;1
ACT036;5000;14000;14000;10000;Tono Automatisée;Tonométrie automatisé;1
ACT037;15000;21000;21000;15000;CVA;Champ visuel automatisé;1
ACT038;5000;14000;14000;10000;Pachymétrie;Pachymétrie;1
ACT039;10000;14000;14000;10000;Métinographie;Métinographie;1
ACT040;6000;7500;7500;10000;Fond d'oeil;Fond d'oeil;11
ACT041;10000;14000;14000;13500;Infiltration (K10);Infiltration (K10);2
ACT043;15000;21000;21000;20250;Lavage gastrique (K15);Lavage gastrique (K15);2
ACT044;30000;42000;42000;40500;Réanimation (K30);Réanimation (K30);2
ACT045;30000;42000;42000;40500;K30;Acte en K * 30 fois sa valeur;2
ACT046;10000;14000;14000;10000;Ponction du genou (K10);Ponction du genou (K10);2
ACT047;1500;1500;1500;1500;Certificat Médical;Certificat Médical;2
ACT048;50000;55000;55000;80000;Circ;Circoncision;2
ACT049;13500;18900;18900;27500;Pose de stérilet;Pose de stérilet;2
ACT050;13500;18900;18900;27500;Pose de Laminaire;Pose de Laminaire;2
ACT052;10000;14000;14000;10000;BOTTE PLATREE (K10);BOTTE PLATREE (K10);2
ACT053;1000;1000;1000;1000;Cfper;Consultation Famille du personnel;2
ACT054;18000;18000;18000;18000;Pose laminaire ;Pose laminaire ;2
ACT055;10000;15000;15000;10000;CS Type 2;Pour les medecins qui viennent sous rendez - vous;1
ACT056;0;0;0;0;Vaccination gratuite;Vaccination gratuite;1
ACT057;10000;11000;11000;10000;Trainning Respiratoire;Trainning Respiratoire;2
ACT058;0;0;0;0;Ctlegr;Contréle Gratuit;3
ACT059;15000;21000;21000;15000;Ponction lombaire (K15);Ponction lombaire (K15);2
ACT060;50000;0;0;50000;Drainage Hémato (Drain + Acte);Drainage Hémato (Drain + Acte);2
ACT061;6000;8400;8400;8100;K6;Acte en K*6 fois sa valeur;2
ACT062;25000;35000;35000;25000;Audiogramme ;Audiogramme;2
ACT063;50000;70000;70000;50000;Révision ultérine (K50);Révision ultérine(K50);2
ACT064;25000;35000;35000;25000;Contréle pacemaker;Contréle pacemaker;2
ACT072;10000;10000;10000;10000;CSProf;Consultation spécialisée (Médecin Externe);2
ACT073;1000;1000;1000;1000;Photothérapie/Heure;Photothérapie/Heure;2
ACT074;4000;4000;4000;4000;Vaccination BCG;Photothérapie/Heure;2
ACT075;0;0;0;0;Lecture IDR;Lecture Intra Dermo Réaction (IDR);1
ACT076;50000;70000;70000;50000;K50;Acte en K * 50 fois sa valeur;2
ACT077;4000;4000;4000;4000;Vaccination 3PR;Vaccination 3PR;4
ACT078;500;500;500;500;Prise de tension;Prise de tension;1
ACT079;60000;84000;84000;60000;ACTE PERIDURAL;ACTE PERIDURAL;24
ACT080;15000;21000;21000;15000;CURETAGE BE.ENDOMETRE;CURETAGE BE.ENDOMETRE;24
ACT081;2500;2500;2500;2500;Soins Infirmiers Médecine;Soins Infirmiers Médecine;24
ACT082;5000;5000;5000;5000;Soins Infirmiers Chirurgie;Soins Infirmiers Chirurgie;24
ACT085;15000;21000;21000;15000;Acuité Auditive (K15);Acuité Auditive;24
ACT086;5000;5000;5000;5000;Acuité Visuelle ;Acuité Visuelle ;24
ACT087;30000;42000;42000;30000;Monitoring;Monitoring;24
ACT120;15000;20000;20000;15000;VS;Visite spécialiste de jour ;24
ACT121;15000;22500;22500;15000;VSN;Visite spécialiste de nuit;24
ACT122;15000;15000;15000;35000;Consultation Orthopédie;Consultation Orthopédique;24
ACT123;15000;15000;15000;35000;Consultation Traumatologie;Consultation Traumatologie;24
ACT124;20000;20000;20000;35000;Consultation Médécine du sport;Consultation Médécine du sport;24
ACT126;20000;20000;20000;20000;Visite Professeur;Visite Professeur;24
ACT127;26000;26000;26000;42600;BILAN 1 (ORTHOPHONIE);BILAN ET EVALUATION DE LA DEGLUTITION ET DES FONCTIONS VELO-TUBO TYMPANIQUES;24
ACT128;18200;18200;18200;29800;BILAN DE RENOUVELLEMENT 1 (ORTHOPHONIE);BILAN DE RENOUVELLEMENT 1 (ORTHOPHONIE);24
ACT129;23800;23800;23800;39000;BILAN DE RENOUVELLEMENT 2 (ORTHOPHONIE);BILAN DE RENOUVELLEMENT 2 (ORTHOPHONIE);24
ACT130;28000;28000;28000;48850;BILAN DE RENOUVELLEMENT 3 (ORTHOPHONIE);BILAN DE RENOUVELLEMENT 3 (ORTHOPHONIE);24
ACT131;34000;34000;34000;55700;BILAN ET EVALUATION DE LA PHONATION ;BILAN ET EVALUATION DE LA PHONATION;24
ACT132;34000;34000;34000;55700;BILAN 2  (ORTHOPHONIE);BILAN ET EVALUATION DE LA COMMUNICATION ET DU LANGAGE ORAL ET/OU D'APTITUDES A L'ACQUISITION DE LA COMMUNICATION ET DU LANGAGE ECRIT;24
ACT133;34000;34000;34000;55700;BILAN 3  (ORTHOPHONIE);BILAN ET EVALUATION DE LA DYSCALCULIE ET DES TROUBLES DE LA COGNITION MATHEMATIQUE;24
ACT134;34000;34000;34000;55700;BILAN 4  (ORTHOPHONIE);BILAN DES FONCTIONS ORO-MYO-FACIALES ET DE L'ORALITE;24
ACT135;40000;40000;40000;65500;BILAN 5  (ORTHOPHONIE);BILAN ET EVALUATION DES TROUBLES D'ORIGINE NEUROLOGIQUE;24
ACT136;40000;40000;40000;65500;BILAN 6  (ORTHOPHONIE);BILAN ET EVALUATION DES BEGAIEMENTS ET DES AUTRES TROUBLES DE LA FLUENCE;24
ACT137;40000;56000;56000;54000;K40;Acte en K * 40 fois sa valeur;2
ACT138;80000;112000;112000;108000;K80;Acte en K * 80 fois sa valeur;2
ANA001;1500;3250;3250;3000;Vitesse de sédimentation (VS);;18
ANA002;1500;1500;1500;2500;NB (GB) Numération blanche;;18
ANA003;2000;2500;2500;3000;GE (Goutte Epaisse);;18
ANA004;1500;2000;2000;2500;HB (taux d'hémoglobine);;18
ANA005;5000;8750;8750;11000;NFS/Plaquettes;;18
ANA006;1500;6250;6250;6000;Taux de réticulocytes;;18
ANA007;40000;25300;25300;40000;Myélogramme;;18
ANA008;4500;7500;7500;7000;Groupe Sanguin+Rhésus (GS);;18
ANA009;6000;5000;5000;10000;Test de compatibilité;;18
ANA010;2000;3750;3750;3300;TS (Temps de Saignement);;18
ANA011;3000;8750;8750;8400;TP (Taux de prothrombine) / INR;;18
ANA012;3000;7500;7500;6000;TCK (TCA);;18
ANA013;3000;7500;7500;9000;TT (Temps de thrombine);;18
ANA014;14000;15000;15000;15000;Hémoglobine Glycosylée (Hémoglobine glyquée);;18
ANA015;3000;7500;7500;7000;Fibrinogéne;;18
ANA016;5000;10000;10000;9500;Electrophorése de l'hémoglobine;;18
ANA017;3000;4000;4000;5000;Lithuim (Li);;18
ANA018;5000;8750;8750;11000;Hémogramme;;18
ANA019;2000;2500;2500;3000;Glycémie é jeun;;18
ANA020;2000;2500;2500;3000;Glycémie post prandiale;;18
ANA021;11500;25000;25000;30000;HGPO;;18
ANA022;1500;2500;2500;3000;Urémie = Azotémie (Urée);;18
ANA023;2000;3750;3750;4000;Créatininémie (créatinine);;18
ANA024;2500;4500;4500;4500;Acide urique (uricémie);;18
ANA025;3500;5000;5000;5800;Cholestérol total;;18
ANA026;3500;5000;5000;5800;HDL cholestérol;;18
ANA027;3500;5000;5000;5800;LDL cholestérol;;18
ANA028;3500;5750;5750;5800;Triglycérides;;18
ANA029;20000;20000;20000;20000;Test covid19;;18
ANA030;3500;10000;10000;5800;LDH;;18
ANA031;2500;3250;3250;4125;ASAT / GOT;;18
ANA032;2500;3250;3250;4125;ALAT / GPT;;18
ANA033;5000;6250;6250;8250;Transaminases (ASAT+ALAT) GOT+GPT;;18
ANA034;3000;6250;6250;6000;Gamma GT ;;18
ANA035;3000;5000;5000;5000;PAL (Phosphatases alcalines);;18
ANA036;5000;12500;12500;9000;Phosphatases acides;;18
ANA037;5000;12500;12500;11000;Phosphatases prostatiques;;18
ANA038;3500;5000;5000;5000;Bilirubinémie totale;;18
ANA039;3500;5000;5000;5000;Bilirubinémie directe;;18
ANA040;4000;7000;7000;7000;CK (créatine kinase);;18
ANA041;4000;10000;10000;9000;CK-MB;;18
ANA042;4000;8750;8750;8000;Amylasémie;;18
ANA043;14000;18750;18750;15000;Lipases;;18
ANA044;2000;5000;5000;5000;Protidémie (protéines totales);;18
ANA045;10000;11250;11250;14400;Protidogramme (électrophorése des protides);;18
ANA046;24275;15000;15000;24275;Mycoplasme;;18
ANA047;13000;20000;20000;14000;Troponine;;18
ANA048;4000;5000;5000;7000;Natriémié (Sodium:Na+);;18
ANA049;4000;5000;5000;7000;Kaliémie (Potassium:K+);;18
ANA050;4000;5000;5000;7000;Chlorémie (Chlore:Cl- );;18
ANA051;3000;6250;6250;5000;Calciurie;;18
ANA052;4000;5000;5000;5800;Calcémie (Calcium: Ca++ );;18
ANA053;3500;5000;5000;5800;Phosphorémie (Phosphore:PO3-);;18
ANA054;4000;5000;5000;6600;Magnésémie (Magnésium:Mg++ );;18
ANA055;17000;18750;18750;20000;Fer sérique  + CTS+CS;;18
ANA056;14000;6250;6250;14000;Fer sérique (sidérémie);;18
ANA057;4000;6250;6250;6600;CO2 (gaz du sang);;18
ANA058;17000;18750;18750;17000;Ferritinémie (Ferritine );;18
ANA059;8000;8000;8000;10000;Albuminurie;;18
ANA060;1000;1250;1250;3000;Glucosurie;;18
ANA061;2000;3000;3000;4000;Glucosurie des 24h;;18
ANA062;1000;2500;2500;3000;Albuminurie   ;;18
ANA063;3000;7500;7500;4000;Albuminurie des 24h/protéinurie;;18
ANA064;3000;12500;12500;12500;Combur 9 (10 paramétres);;18
ANA065;700;2500;2500;1500;Corps cétonique;;18
ANA066;4000;8750;8750;6600;Amylasurie;;18
ANA067;3000;3750;3750;5500;Créatinemie ;;18
ANA068;25584;25584;25584;25584;BNP;;18
ANA069;3500;5000;5000;5000;Phosphore urinaire;;18
ANA070;2500;6250;6250;5000;HLM (Hematies- Leucocytes - Minutes);;18
ANA071;1000;3000;3000;4000;Sédiments urinaires;;18
ANA072;3500;7500;7500;9000;Cytologie urine;;18
ANA073;3500;7500;7500;6000;Protéine C-Réactive (CRP);;18
ANA074;3500;6250;6250;5800;Facteur Rhumatoéde (FR) (Water Rose);;18
ANA075;4000;7500;7500;7000;Antistreptoloysine O (ASLO);;18
ANA076;4000;7500;7500;7000;Sérologie de Widal&Félix (fiévre typhoéde);;18
ANA077;1600;3250;3250;3500;VDRL (Syphilis);;18
ANA078;3500;6250;6250;6000;TPHA (Syphilis);;18
ANA079;12000;20000;20000;16000;sérologie de la toxoplasmose (IgG/IgM) (Dye test);;18
ANA080;13000;20000;20000;21500;Sérologie de rubéole IgG/IgM;;18
ANA081;9000;20000;20000;19800;Sérologie amibienne;;18
ANA082;16000;22500;22500;17000;Hépatite A/ IgM;;18
ANA083;14000;25000;25000;25000;Antigéne Hbe;;18
ANA084;17000;25000;25000;25000;Anticorps Hbe;;18
ANA085;15000;20000;20000;20000;Anticorps Hbs;;18
ANA086;13000;18750;18750;18000;Anticorps Hbc total;;18
ANA087;9000;16250;16250;15000;Hépatite B AgHBs (Antigéne Australia);;18
ANA088;13000;20000;20000;21500;Sérologie HCV;;18
ANA089;13000;20000;20000;21500;Hépatite C;;18
ANA090;10000;15000;15000;16500;Sérologie retrovirale VIH;;18
ANA091;10000;15000;15000;16500;HIV;;18
ANA092;14000;20000;20000;19800;Sérologie chlamidienne;;18
ANA093;5500;6000;6000;6000;Albumine;;18
ANA094;3000;8750;8750;8000;Amylasémie_cspt;;18
ANA095;12000;20000;20000;21500;Sérologie HCV_cspt;;18
ANA096;10000;20000;20000;16000;BHCG (test grossesse sang)_cspt;;18
ANA097;3000;5000;5000;5000;Bilirubinémie totale_cspt;;18
ANA098;3000;5000;5000;5000;Bilirubinémie directe_cspt;;18
ANA099;3000;10000;10000;9000;CK-MB_cspt;;18
ANA100;2500;12500;12500;12500;Combur 9 (10 paramétres)_cspt;;18
ANA101;4000;10000;10000;9500;Coproculture_cspt;;18
ANA102;12000;13000;13000;19800;Chlamidyae (IgA,IgG);;18
ANA103;3000;4000;4000;4000;CPK_cspt;;18
ANA104;14000;16000;16000;16000;D-Diméres_cspt;;18
ANA105;4000;10000;10000;9500;ECBU + ATB_cspt;;18
ANA106;10000;12000;12000;19800;Ionogramme sanguin (Na+,K+,Cl-)_cspt;;18
ANA107;3000;10000;10000;5800;LDH_cspt;;18
ANA108;13000;18750;18750;15000;Lipases_cspt;;18
ANA109;3000;5000;5000;5800;Phosphorémie (Phosphore:PO3-)_cspt;;18
ANA110;1500;5000;5000;5000;Protidémie (protéines totales)_cspt;;18
ANA111;10000;18750;18750;18000;PSA total_cspt;;18
ANA112;12000;20000;20000;21500;Sérologie de rubéole IgG/IgM_cspt;;18
ANA113;12000;32200;32200;15000;IgE sérique;;18
ANA114;10000;20000;20000;16000;sérologie de la toxoplasmose (IgG/IgM) (Dye test)_cspt;;18
ANA115;9000;20000;20000;17000;FT3_cspt;;18
ANA116;9000;20000;20000;17000;FT4_cspt;;18
ANA117;2500;7500;7500;6000;TCK (TCA)_cspt;;18
ANA118;1500;3250;3250;3500;VDRL (Syphilis)_cspt;;18
ANA119;3000;6250;6250;6000;TPHA (Syphilis)_cspt;;18
ANA120;12000;20000;20000;14000;Troponine_cspt;;18
ANA121;9000;20000;20000;17000;TSHus_cspt;;18
ANA122;12000;17500;17500;15000;IgE totales;;18
ANA123;3500;6250;6250;5800;Test de grossesse (Urine);;18
ANA124;7000;12500;12500;13000;MNI test;;18
ANA125;8000;8000;8000;13200;Sérologie TB (tuberculose);;18
ANA126;14000;20000;20000;18000;Alpha foeto protéine (AFP);;18
ANA127;17000;31250;31250;17000;ACE;;18
ANA128;12000;20000;20000;16000;BHCG (test grossesse sang);;18
ANA129;14000;20000;20000;17000;FSH;;18
ANA130;14000;20000;20000;17000;LH;;18
ANA131;14000;20000;20000;17000;Oestradiol;;18
ANA132;14000;20000;20000;17000;Prolactine;;18
ANA133;14000;20000;20000;17000;Progestérone;;18
ANA134;10000;20000;20000;17000;TSHus;;18
ANA135;10000;20000;20000;17000;FT3;;18
ANA136;10000;20000;20000;17000;FT4;;18
ANA137;27000;31250;31250;28500;Cortisolémie;;18
ANA138;3000;3000;3000;4000;Créatinurie des 24 h;;18
ANA139;12000;18750;18750;18000;PSA total;;18
ANA140;25000;31250;31250;30000;CA 19-9;;18
ANA141;36000;45000;45000;43000;CA 72-4;;18
ANA142;24000;31250;31250;30000;CA 15-3;;18
ANA143;14000;31250;31250;30000;CA 125;;18
ANA144;2000;3250;3250;3300;Selles KOP;;18
ANA145;4000;5000;5000;5000;Recherche d'oxyure;;18
ANA146;2000;3750;3750;4100;Recherche de schistosome dans les urines;;18
ANA147;2000;2500;2500;3000;GE + Frottis;;18
ANA148;2500;4000;4000;7000;BCE (Biopsie cutanée exsangue);;18
ANA149;5000;10000;10000;9500;Coproculture;;18
ANA150;5000;10000;10000;9500;ECBU + ATB;;18
ANA151;5000;10000;10000;9500;Pus + autres sérosités ;;18
ANA152;5000;10000;10000;9500;PV (Prélévement Vaginal);;18
ANA153;5000;10000;10000;9500;PU (Prélévement / curétage Urétral) ;;18
ANA154;5000;10000;10000;9500;Spermoculture ;;18
ANA155;10000;10000;10000;11500;Hémoculture;;18
ANA156;7000;7500;7500;11500;LCR cyto-chimie;;18
ANA157;3000;7500;7500;5000;LCR cytologie;;18
ANA158;6000;10000;10000;9900;ECBC (crachats);;18
ANA159;3000;3750;3750;5800;Recherche BK recherche BAAR;;18
ANA160;9000;12000;12000;14850;PL + LCR (cyto+chimie+culture);;18
ANA161;8000;8000;8000;8800;Recherche d'Ag solubles (LCR);;18
ANA162;8000;6000;6000;12000;Spermogramme;;18
ANA163;20000;20000;20000;25000;Frottis vaginal / cervical;;18
ANA164;3500;3000;3000;5000;Urine (cytologie);;18
ANA165;12000;12000;12000;12000;CD8;;18
ANA166;6000;5000;5000;5000;CD4;;18
ANA167;19000;19000;19000;28000;Testostérone;;18
ANA168;14000;16000;16000;17000;Homocystéine;;18
ANA169;29000;29000;29000;32000;Antigénemie P24;;18
ANA170;15000;15000;15000;18000;RAI (Recherche Agglo irr);;18
ANA171;12000;12000;12000;19800;Ionogramme sanguin (Na+,K+,Cl-);;18
ANA172;3000;7000;7000;8000;Hemofec;;18
ANA173;10000;10000;10000;10000;Recherche de drogue;;18
ANA174;0;0;0;0;Culot Urinaire;;18
ANA175;20000;20000;20000;20000;D-Diméres;;18
ANA176;15500;15500;15500;15500;Anticorps- Anti  nucléaire;;18
ANA177;54000;54000;54000;54000;Sérologie Chikungunya (IgM IgG);;18
ANA178;46500;46500;46500;46500;Sérologie Dengue (IgM IgG);;18
ANA179;41500;41500;41500;41500;Sérologie Herpes Simplex Virus 1 et 2  (IgM IgG);;18
ANA180;78000;78000;78000;78000;Sérologie Arbo Virus (Dengue Acephalite é tiques , chikungunya);;18
ANA181;21500;21500;21500;21500;Sérologie Rickettsioges;;18
ANA182;15500;15500;15500;15500;Facteur IX;;18
ANA183;8860;8860;8860;8860;Facteur V (Dosage de l'activité);;18
ANA184;12140;12140;12140;12140;Facteur VIII ;;18
ANA185;15500;15500;15500;15500;Facteur Willebrand (Antigéne);;18
ANA186;17500;17500;17500;17500;Facteur X;;18
ANA187;17500;17500;17500;17500;Facteur XI;;18
ANA188;17500;17500;17500;17500;Facteur XII;;18
ANA189;17500;17500;17500;17500;Facteur XIII;;18
ANA190;8000;8000;8000;8000;Recherche ADN parental (Ambassade d'Allemagne);;18
ANA191;370000;370000;370000;370000;Recherche ADN parental (justice);;18
ANA192;12000;12000;12000;12000;Recherche ADN parental (CANADA);;18
ANA193;52400;52400;52400;52400;Hépatite C (ARN virale quantification);;18
ANA194;1000;1000;1000;1000;Haemoglucotest;;18
ANA195;5000;8000;8000;9500;ECB de Pus;;18
ANA196;26000;26000;26000;26000;Anticorps Anti BHC IgG IgM;;18
ANA197;50000;50000;50000;50000;ANAPATH EUROPE;;18
ANA198;30000;30000;30000;30000;PIECES OPERATOIRES;;18
ANA199;85000;85000;85000;85000;Benzéne;;18
ANA200;0;0;0;0;Diurése;;18
ANA201;10000;12000;12000;16500;PACK;;18
ANA202;0;0;0;0;GE Accouchement (Goutte Epaisse);;18
ANA203;12000;17000;17000;20000;G6PD (dosage);;18
ANA204;24500;24500;24500;24500;Anticorps- Anti antigéne nucléaire soluble recheche ;;18
ANA205;36000;36000;36000;36000;Anticorps- Anti antigéne nucléaire soluble dosage;;18
ANA206;14000;14000;14000;14000;Transferrine;;18
ANA207;15415;15415;15415;15415;Ac. Antinucléaire;;18
ANA208;21975;21975;21975;21975;Ac. Anti DNA Natif;;18
ANA209;60348;60348;60348;60348;Ac. Anti U1RNP;;18
ANA210;21975;21975;21975;21975;Ac. Anti Histones;;18
ANA211;29910;29910;29910;29910;Dosage Pondéral Immunoglobulines;;18
ANA212;91835;91835;91835;91835;Typage HLA Classe 1 Locus A et B;;18
ANA213;42630;42630;42630;42630;Typage HLA Classe 1 Locus B;;18
ANA214;149230;149230;149230;149230;Typage HLA Classe 2 (Génotypage);;18
ANA215;4000;4000;4000;4000;CPK;;18
ANA216;27000;27000;27000;27000;Vitamine D;;18
ANA217;15000;15000;15000;15000;Vitamine B12;;18
ANA218;3500;4000;4000;5000;Bilirubinémie indirecte;;18
ANA219;15000;20000;20000;18040;AgHBe ;;18
ANA220;15000;20000;20000;18040;Anticorps anti HBe;;18
ANA221;18040;18040;18040;18040;Anticorps anti HBC totaux (Europe) ;;18
ANA222;18370;18370;18370;18370;Alpha 2 macroglobuline ;;18
ANA223;16730;16730;16730;16730;Haptoglobine;;18
ANA224;44940;44940;44940;44940;EBV (EPSTEIN-BARR VIRUS) AC anti VCA IgM/IgG;;18
ANA225;31490;31490;31490;31490;Cytomégolovirus (IgG +IgM);;18
ANA226;13000;13000;13000;13000;Crachats-Bar Biologie Moléculaire ;;18
ANA227;27000;27000;27000;32000;PSA total + PSA libre;;18
ANA228;5000;8000;8000;8000;Bilharziose (Recherche des oeufs dans l'urine );;18
ANA229;18040;20000;20000;18040;AgHBe (Europe);;18
ANA230;18040;20000;20000;18040;Anticorps anti HBe (Europe);;18
ANA231;16000;16000;16000;20000;Anticorps Hbs (Europe);;18
ANA232;13000;13000;13000;13000;Anticorps anti HBC totaux;;18
ANA233;71180;0;0;71180;Fibrotest / Actitest;;18
ANA234;37390;37390;37390;37390;Charge virale VHB ( ADN viral Hépatite B);;18
ANA235;78100;78100;78100;78100;Hépatite virale C (GENOTIPAGE);;18
ANA236;9000;9000;9000;9000;Test de coombes direct;;18
ANA237;10000;10000;10000;10000;Test de coombes indirect;;18
ANA238;52480;52480;52480;52480;Charge virale HIV;;18
ANA239;2500;3000;3000;3000;Crachats-Bar ;;18
ANA240;3000;0;0;0;Recherche de filaire dans le sang;;18
ANA241;23600;0;0;23600;Chromatographie des acides aminés urinaires;;18
ANA242;10900;0;0;0;Dosage Complement C3;;18
ANA243;10900;0;0;0;Dosage Complement C4;;18
ANA244;71180;71180;71180;71180;Fibrotest-Actitest;;18
ANA245;8000;8000;8000;8000;Prélévement EDPA pour HLA;;18
ANA246;19680;19680;19680;19680;Parathormone / PTH intacte;;18
ANA247;48500;48500;48500;48500;Herpés Simplex Virus (1 et 2) /PCR;;18
ANA248;24000;24000;24000;24000;Herpés Simplex Virus (1 et 2) /IGN;;18
ANA249;59000;59000;59000;59000;Recherche BK Biologie moléculaire (CERBA);;18
ANA250;26000;26000;26000;26000;Recherche de Hélicobater pylori;;18
ANA251;25000;25000;25000;25000;Vitamine B9;;18
ANA252;387000;387000;387000;387000;Génotype de résistance HIV;;18
ANA253;27000;27000;27000;27000;PSA libre;;18
ANA254;12000;12000;12000;12000;Test d'alcool (Alcoolemie-Ethanol);;18
ANA255;29600;29600;29600;29600;Vitamine B3;;18
ANA256;29600;29600;29600;29600;Vitamine B6;;18
ANA257;34100;34100;34100;34100;Vitamine C;;18
ANA258;29600;29600;29600;29600;Vitamine E;;18
ANA259;15800;15800;15800;15800;Vitamine D3;;18
ANA260;30000;30000;30000;30000;PROCALCITONINE;;18
ANA261;40000;40000;40000;40000;Sérologie amibienne (Cerba);;18
ANA262;19700;19700;19700;19700;Légionellose (Dépistage) CERBA;;18
ANA263;37400;37400;37400;37400;Légionellose (Titrage) CERBA;;18
ANA264;10000;10000;10000;10000;Recherche de Hélicobater pylorin (selle);;18
ANA265;18400;18400;18400;18400;PHADIATOP (CERBA);;18
ANA266;27600;27600;27600;27600;ALDOSTERONE (CERBA);;18
ANA267;27600;27600;27600;27600;RENINE (CERBA);;18
ANA268;14000;14000;14000;19800;Ionogramme urinaire;;18
ANA269;10000;10000;10000;10000;Lactatémie;;18
ANA270;8000;8000;8000;8000;Antigéne Dengue NS1;;18
ANA271;31480;31480;31480;31480;INHIBINE B CERBA;;18
ANA272;52480;52480;52480;52480;sérologie bilharzienne CERBA ;;18
ANA273;20500;20500;20500;20500;Haptoglobine;;18
ANA274;30000;30000;30000;30000;ACTH (hormone de croissance);;18
ANA275;27070;27070;27070;27070;GH (hormone de croissance);;18
ANA276;27550;27550;27550;27550;ERYTHROPOIETINE (CERBA);;18
ANA277;28000;28000;28000;28000;Légionellose (Antigéne soluble Urine) CERBA;;18
ANA278;20500;20500;20500;20500;Cortisolémie (Cerba);;18
ANA279;21500;21500;21500;21500;Phénobarbitémie (Phénobarbital);;18
ANA280;20000;20000;20000;20000;PARAHORMONE 1-84;;18
ANA281;2000;2000;2000;2000;TDR Malaria Quick (QBC);;18
ANA282;15000;15000;15000;15000;CBE (Curétage Biopsie de l'Endométre);;18
ANA283;30000;30000;30000;30000;ANAPATH BIOPSIES CHU;;18
ANA284;31485;31485;31485;31485;Identification et dosage d' Amphétamines dans le sang;;18
ANA285;106265;106265;106265;106265;Recherche de drogue dans l'urine;;18
ANA286;38100;38100;38100;38100;ANATOMO-CYPATHOLOGIE (CERBA);;18
ANA287;28000;28000;28000;28000;Anticorps anti-recepteurs de l'acetylcholine (anti-RACH);;18
ANA288;35000;35000;35000;35000;Test multi-drogue;;18
ANA289;4000;4000;4000;4000;Recherche BK Biologie moléculaire;;18
ANA290;14105;14105;14105;14105;Protééne S (Activité);;18
ANA291;14105;14105;14105;14105;Protééne S (Antigéne);;18
ANA292;24930;24930;24930;24930;Protééne C (Antigéne);;18
ANA293;8860;8860;8860;8860;Facteur II;;18
ANA294;14105;14105;14105;14105;Protééne C (Activité);;18
ANA295;21650;21650;21650;21650;PROGRAF - TACROLIMUS;;18
ANA296;12465;12465;12465;12465;25 Hydroxycalciférol (Vitamine D);;18
ANA297;29520;29520;29520;29520;1.25 DisHydroxycalciférol (Vitamine D);;18
ANA298;36735;36735;36735;36735;AMH Hormono anti-mullérienne CERBA;;18
ANA299;21700;0;0;0;HILV I+II;;18
ANA300;16000;16000;16000;16000;Anticorps Anti HBC  IgM;;18
ANA301;21360;21360;21360;21360;Sérologie de la rage (Cerba);;18
ANA302;2000;2000;2000;2000;Hémoglobine é reflotron;;18
ANA303;0;0;0;0;ECB de liquide de ponction de genou;;18
ANA304;0;0;0;0;ECB de liquide pleurral;;18
DIA001;100000;100000;100000;147590;HEMODIALYSE 1e séance ;HEMODIALYSE 1e séance;20
DIA0010;1000000;1000000;1000000;1475900;HEMODIALYSE 10 séances;HEMODIALYSE 10 séances;20
DIA002;200000;200000;200000;295180;HEMODIALYSE  2 séances;HEMODIALYSE 2 séances;20
DIA003;300000;300000;300000;442770;HEMODIALYSE 3 séances;HEMODIALYSE 3 séances;20
DIA004;400000;400000;400000;590360;HEMODIALYSE 4 séances;HEMODIALYSE 4 séances;20
DIA005;500000;500000;500000;737950;HEMODIALYSE 5 séances;HEMODIALYSE 5 séances;20
DIA006;600000;600000;600000;885540;HEMODIALYSE 6 séances;HEMODIALYSE 6 séances;20
DIA007;700000;700000;700000;1033130;HEMODIALYSE 7 séances;HEMODIALYSE 7 séances;20
DIA008;800000;800000;800000;1180720;HEMODIALYSE 8 séances;HEMODIALYSE 8 séances;20
DIA009;900000;900000;900000;1328310;HEMODIALYSE 9 séances;HEMODIALYSE 9 séances;20
DIA010;100000;100000;100000;147590;Dialyse;Dialyse;20
ECH026;13500;21600;21600;27500;Echographie abdominale;Echographie abdominale;13
ECH027;13500;21600;21600;27500;Echographie pelvienne;Echographie pelvienne;13
ECH028;15000;21600;21600;27500;Echographie tyroédienne;Echographie tyroédienne;13
ECH029;13500;21600;21600;27500;Echographie obstétricale;Echographie obstétricale;13
ECH031;13500;21600;21600;27500;Doppler  gynécologique;Doppler  gynécologique;13
ECH032;13500;21600;21600;27500;Doppler  utéro-ovarien;Doppler  utéro-ovarien;13
ECH033;20000;43200;43200;51500;Echographie abdomino-pelvienne;Echographie abdomino-pelvienne;13
ECH037;13500;21600;21600;27500;Echographie VSM (Velocimetrie sanguine matréno-foetale);Echographie VSM (Velocimetrie sanguine matréno-foetale);13
ECH039;35000;35000;35000;45000;Echographie cardiaque;Echographie cardiaque;13
ECH040;35000;35000;35000;45000;Doppler  cardiaque;Doppler  cardiaque;13
ECH041;35000;35000;35000;45000;Echographie Doppler MI ;Echographie Doppler MI ;13
ECH042;35000;35000;35000;45000;Echographie Doppler Carotodes;Echographie Doppler Carotodes;13
ECH043;13500;21600;21600;27500;Echographie Mammaire;Echographie Mammaire;13
ECH044;13500;21600;21600;42300;Amnioscopie;Amnioscopie;13
ECH045;13500;21600;21600;42300;Echographie testiculaire;Echographie testiculaire;13
ECH046;27000;43200;43200;51500;Echographie +  Doppler;Echographie +  Doppler;13
ECH047;13500;21600;21600;27000;Echographie Prostatique;EchographieProstatique;13
ECH048;13500;21600;21600;27000;Echographie de la Main;Echograpgir de la Main;13
ECH049;13500;21600;21600;27000;Echographie des parties molles;Echographie des parties molles;13
ECH050;13500;21600;21600;27500;Echographie plurale;Echographie plurale;13
ECH051;20000;20000;20000;20000;Echographie Morphologique;Echographie Morphologique;13
ECH052;35000;35000;35000;45000;Echographie Doppler des vaisseaux du cou;Echographie Doppler des vaisseaux du cou;13
ECH053;13500;21600;21600;27500;Echographie du menton ;Echographie du menton ;13
ECH054;13500;21600;21600;27500;Echographie de la cuisse;Echographie de la cuisse;13
ECH055;13500;21600;21600;27500;Echographie Rénale;Echographie rénale;13
ECH056;13500;21600;21600;27500;Echographie pleurale;Echographie pleurale;13
ECH057;13500;21600;21600;27500;Echographie;Echographie;13
ECH058;35000;35000;35000;35000;Echographie des membres inférieurs;Echographie des membres inférieurs;13
ECH059;30000;30000;30000;30000;Echographie des TSA;Echographie des TSA;13
END001;15000;23400;23400;27500;Rectoscopie;Rectoscopie;19
END002;18000;23400;23400;50000;Fibroscopie (endoscopie);Fibroscopie (endoscopie);19
END003;20000;39000;39000;44000;Cystoscopie;Cystoscopie;19
END004;20000;39000;39000;44000;Cytologie;Cytologie;19
END005;20000;23400;32500;85000;Coloscopie;Coloscopie;19
END006;20000;23400;25000;27500;Gastroscopie;Gastroscopie;19
END007;50000;50000;50000;50000;Endoscopie (Dr GABA);Endoscopie;19
IRM001;150000;160000;160000;200000;IRM UN ORGANE;IRM DE L'EPAULE;17
IRM002;225000;320000;320000;400000;IRM (DEUX ORGANES);DEUX ORGANES;17
IRM003;300000;480000;480000;600000;IRM (TROIS ORGANES);TROIS ORGANES;17
IRM004;225000;320000;320000;400000;IRM ABDOMINO-PELVIENNE;IRM ABDOMINO-PELVIENNE;17
IRM005;150000;160000;160000;200000;IRM CEREBRALE;IRM CELEBRAL;17
IRM006;150000;160000;160000;200000;IRM LOMBAIRE;IRM LOMBAIRE;17
IRM007;150000;160000;160000;200000;IRM DORSALE;IRM DORSALE;17
IRM008;150000;160000;160000;200000;ANGIO IRM CEREBRALE;ANGIO IRM CEREBRALE;17
IRM009;150000;160000;160000;200000;IRM CERVICALE;IRM CERVICALE;17
IRM010;150000;160000;160000;200000;IRM DU GENOU;IRM DU GENOU;17
IRM011;150000;160000;160000;200000;IRM DE LA CUISSE;IIRM DE LA CUISSE;17
IRM012;40000;60000;60000;60000;INJECTION 1 DOSE;INJECTION 1 DOSE;17
IRM013;200000;200000;200000;200000;IIRM PAN MEDULLAIRE;IRM PAN MEDULLAIRE;17
KIN001;5000;6000;6000;7500;Rééducation fonctionnelle;reéducation fonctionnelle;7
KIN002;5000;6000;6000;7500;Séance de kinésithérapie ( une séance);reéducation fonctionnelle;7
KIN003;10000;12000;12000;15000;kinésithérapie (2 séances);Massage (2 séances);7
KIN004;15000;18000;18000;22500;kinésithérapie (3 séances);Massage (3 séances);7
KIN005;20000;24000;24000;30000;kinésithérapie (4 séances);Massage (4 séances);7
KIN006;25000;30000;30000;37500;kinésithérapie (5 séances);Massage (5 séances);7
KIN007;30000;36000;36000;45000;kinésithérapie (6 séances);Massage (6 séances);7
KIN008;35000;42000;42000;52500;kinésithérapie (7 séances);Massage (7 séances);7
KIN009;40000;48000;48000;60000;kinésithérapie (8 séances);Massage (8 séances);7
KIN010;45000;54000;54000;67500;kinésithérapie (9 séances);Massage (9 séances);7
KIN011;50000;60000;60000;75000;kinésithérapie (10 séances);Massage (10 séances);7
KIN012;100000;120000;120000;150000;kinésithérapie (20 séances);Massage (10 séances);7
PAN002;2000;2000;2000;2000;Pansement type 1;Pansement type 1;6
PAN006;3000;3000;3000;3000;Pansement type 2;Pansement type 2;6
PAN011;4000;4000;4000;4000;Pansement type 3;Pansement type 3;6
PAN012;5000;5000;5000;5000;Soin en urgence type 1;Soin en urgence type 1;6
PAN013;10000;10000;10000;10000;Soin en urgence type 2;Soin en urgence type 2;6
PAN014;15000;15000;15000;15000;Soin en urgence type 3;Soin en urgence type 3;6
PAN015;20000;20000;20000;20000;Soin en urgence type 4;Soin en urgence type 4;6
PAN016;25000;25000;25000;25000;Soin en urgence type 5;Soin en urgence type 5;6
PAN017;2500;2500;2500;2500;Soin en urgence type 6;Soin en urgence type 6;6
PAN018;6500;6500;15000;6500;Sejours & Soins pre-Scanner type 1;;6
PAN019;8000;8000;25000;8000;Sejours & Soins pre-Scanner type 2;;6
PAN020;14000;14000;35000;14000;Sejours & Soins pre-Scanner type 3;;6
PAN021;28000;28000;45000;28000;Sejours & Soins pre-Scanner type 4;;6
PAN022;6500;6500;15000;6500;Sejours & Soins pre - IRM type 1;;6
PAN023;8000;8000;25000;8000;Sejours & Soins pre - IRM type 2;;6
PAN024;14000;14000;35000;14000;Sejours & Soins pre - IRM type 3;;6
PAN025;28000;28000;45000;28000;Sejours & Soins pre - IRM type 4;;6
PAN026;1000;1000;1000;1000;Lavage Nasal type 1;;6
PAN027;2000;2000;2000;2000;Lavage Nasal type 2 ;;6
PAN028;4000;4000;4000;4000;Lavage Nasal type 3 ;;6
PAN029;6000;6000;6000;6000;Lavage Nasal type 4;;6
PAN030;8000;8000;8000;8000;Kit de pansement (Sans bandes);Kit de pansement (Sans bandes);6
PAN031;5000;5000;5000;5000;Pansement type 4;Pansement type 4;6
RAD001;3000;12000;12000;6600;Doigt (face);;12
RAD002;4500;12000;12000;9900;Doigt face et profil;;12
RAD003;3000;12000;12000;6600;Doigt profil;;12
RAD004;4500;12000;12000;9900;Main;;12
RAD005;6750;12000;12000;14850;Main Face et 3/4;;12
RAD006;3000;12000;12000;6600;Main 3/4;;12
RAD007;3000;12000;12000;7700;Scaphoédeum (face);;12
RAD008;4000;12000;12000;7700;Poignet (face);;12
RAD009;4000;12000;12000;7700;Poignet Profil;;12
RAD010;6000;12000;12000;11550;Poignet Face et Profil;;12
RAD011;4500;12000;12000;9900;Avant-bras (Face);;12
RAD012;4500;12000;12000;9900;Avant-bras Profil;;12
RAD013;6750;12000;12000;14850;Avant-bras Face et profil;;12
RAD014;4500;12000;12000;9900;Coude (Face);;12
RAD015;4500;12000;12000;9900;Coude Profil;;12
RAD016;6750;12000;12000;14850;Coude Face et profil;;12
RAD017;4600;12000;12000;11000;Bras (Face);;12
RAD018;4600;12000;12000;11000;Bras Profil;;12
RAD019;7000;12000;12000;16500;Bras Face et Profil;;12
RAD020;4600;12000;12000;11000;Epaule(Face);;12
RAD021;4600;12000;12000;11000;Epaule Profil;;12
RAD022;7000;12000;12000;16500;Epaule Face et profil;;12
RAD023;4600;12000;12000;11000;Clavicule (Face);;12
RAD024;4600;12000;12000;11000;Scapula (Face);;12
RAD025;4600;12000;12000;11000;Scapula Profil;;12
RAD026;7000;12000;12000;16500;Scapula Face et profil;;12
RAD027;4500;12000;12000;9900;Pied gauche;;12
RAD028;4500;12000;12000;9900;Pied droit;;12
RAD029;4500;12000;12000;9900;Pied 3/4;;12
RAD030;6750;12000;12000;16500;Pied face et 3/4;;12
RAD031;6750;12000;12000;16500;Pied Face et Profil;;12
RAD032;4500;12000;12000;9900;Talon (Face) ;;12
RAD033;4500;12000;12000;9900;Talon Profil;;12
RAD034;6750;12000;12000;14850;Talon Face et Profil;;12
RAD035;4500;12000;12000;9900;Cheville (Face);;12
RAD036;4500;12000;12000;9900;Cheville Profil;;12
RAD037;6750;12000;12000;14850;Cheville face et Profil;;12
RAD038;7000;12000;12000;16500;Jambe (tibia) face et profil;;12
RAD039;5000;12000;12000;11000;Genou (face);;12
RAD040;5000;12000;12000;11000;Genou (Profil);;12
RAD041;7500;12000;12000;16500;Genou face et profil;;12
RAD042;3000;12000;12000;6600;Interligne fémoro-patellaire;;12
RAD043;4600;12000;12000;11000;Fémur (cuisse) (Face);;12
RAD044;4600;12000;12000;11000;Fémur (cuisse) Profil;;12
RAD045;7000;12000;12000;16500;Fémur (cuisse) face et profil;;12
RAD046;6000;12000;12000;11000;Hanche (face);;12
RAD047;6000;12000;12000;11000;Hanche profil;;12
RAD048;9000;12000;12000;16500;Hanche face et profil;;12
RAD049;6000;12000;12000;11000;Bassin (face);;12
RAD050;6000;12000;12000;11000;Profil chirurgical de la hanche ;;12
RAD051;7000;12000;12000;13200;Articulation sacro-illiaque (face);;12
RAD052;8000;18000;18000;27500;Rachis lombaires (face et profil);;12
RAD053;12000;18000;18000;27500;Rachis lombaires face + profil + 3/4;;12
RAD054;8000;12000;12000;13200;Rachis  thoracales (dorsal) face;;12
RAD055;8000;12000;12000;13200;Rachis thoracales (dorsal) profil;;12
RAD056;8000;18000;18000;32000;Rachis cervicales (cou) (face + profil);;12
RAD057;10500;18000;18000;32000;Rachis cervicales (coup) (face + profil + 3/4 );;12
RAD058;6000;12000;12000;13200;Grill costal (face);;12
RAD059;6000;12000;12000;13200;Grill costal Deroule 3/4;;12
RAD060;7000;12000;12000;13200;Sternum profil;;12
RAD061;7000;18000;18000;13200;Articulation sterno-claviculaire;;12
RAD062;6000;12000;12000;11000;Crane face;;12
RAD063;6000;12000;12000;11000;Crane profil;;12
RAD064;6500;12000;12000;11000;Projection spéciale  ;;12
RAD065;6000;12000;12000;13500;Sinus blondeau (face);;12
RAD066;6000;12000;12000;11000;Cavum Profil;;12
RAD067;3000;12000;12000;6600;Os propre du Nez (OPN) Profil;;12
RAD068;6000;12000;12000;13200;m;;12
RAD069;6000;12000;12000;13200;Articulation temporo-maxillaire (Profil);;12
RAD070;8000;12000;12000;13200;Larynx sans contraste;;12
RAD071;12000;12000;12000;17875;Larynx avec contraste;;12
RAD072;6000;12000;12000;9900;Thorax face ;;12
RAD073;6000;12000;12000;9900;Thorax Profil;;12
RAD074;6000;12000;12000;9900;Abdomen sans préparation / ASP (face);;12
RAD075;15000;35000;35000;27500;Fistulographie ;;12
RAD076;30000;42000;42000;42000;Mammographie + Echographie sénologique ;;12
RAD077;20000;45000;45000;46800;Colongraphie (lavement baryté);;12
RAD078;25000;45000;45000;56160;TOGD;;12
RAD079;28000;35000;35000;49500;HSG (Hystérosalpingographie );;12
RAD080;40000;45000;45000;85176;UIV urographie (+ produit);;12
RAD081;45000;45000;45000;49500;Myélographie;;12
RAD082;20000;19500;19500;44000;Laryngographie;;12
RAD083;9300;12000;12000;22000;Céur radio simple;;12
RAD084;27000;27300;27300;38500;Urethrocystographie retrograde (URC);;12
RAD085;13500;13500;13500;13500;Pangonogramme;;12
RAD086;0;40000;40000;0;Saccoradiculographie;;12
RAD087;6000;12000;12000;9900;Poumon (Pulmonaire) face;;12
RAD088;9000;18000;18000;14850;Thorax Face et Profil;;12
RAD089;6000;12000;12000;9900;Poumon (Pulmonaire) profil;;12
RAD090;9000;18000;18000;14850;Poumon (Pulmonaire) Face et Profil;;12
RAD091;9000;18000;18000;16500;Crane  face et profil;;12
RAD092;6000;12000;12000;13500;Sinus blondeau (profil);;12
RAD093;9000;12000;12000;20250;Sinus blondeau (face et profil);;12
RAD094;3000;12000;12000;6600;Os propre du Nez (OPN) Face;;12
RAD095;4500;12000;12000;9900;Os propre du Nez (OPN) Face et profil;;12
RAD096;9000;18000;18000;19800;Articulation temporo-maxillaire (Face et  Profil);;12
RAD097;9000;12000;12000;14850;Abdomen sans préparation / ASP (profil);;12
RAD098;15000;12000;12000;59500;Cervico-Lombaire;;12
RAD099;30000;42000;42000;60000;Mammographie + Echographie mammaire;;12
RAD100;14000;18000;18000;45200;Cervico-Dorsal;;12
RAD101;14000;18000;18000;16500;2 genoux (face et profil);;12
RAD102;14000;18000;18000;16500;2 bras;;12
RAD103;7000;18000;18000;14850;2 chevilles ;;12
RAD104;6750;18000;18000;14850;2 avant-bras;;12
RAD105;6000;18000;18000;7500;Sel turcique;;12
RAD106;9000;18000;18000;18000;2 Doigts (face + profil );;12
RAD107;9000;18000;18000;16500;Bassin face et profil;;12
RAD108;14000;18000;18000;45200;Dorso-Lombaire;;12
RAD109;54000;54000;54000;54000;Lombaire F +P + 3/4 * 2 (Radio dynamique du Rachis Lombaire);;12
RAD110;10500;18000;18000;18800;Dorsal (Face et profil);;12
RAD111;3000;12000;12000;6600;Orteil (face);;12
RAD112;3000;12000;12000;6600;Orteil (profil);;12
RAD113;4500;12000;12000;9900;Orteil ( face et profil );;12
RAD114;9000;17500;17500;19800;Maxillaire  mendibule (Face et  Profil);;12
RAD115;6750;12000;12000;14850;Main Face et Profil;;12
SCA001;45000;70000;70000;120000;SCANNER CEREBRAL;SCANNER CEREBRAL;16
SCA002;70000;90000;90000;120000;SCANNER LOMBAIRE;SCANNER LOMBAIRE;16
SCA003;70000;90000;90000;120000;SCANNER  DORSAL;SCANNER  DORSAL;16
SCA004;70000;90000;90000;120000;SCANNER CERVICAL;SCANNER CERVICAL;16
SCA005;95000;105000;105000;140000;SCANNER 2 org (céré + rachis);SCANNER 2 org (céré + rachis);16
SCA006;105000;105000;105000;140000;SCANNER 2 org ( 2 rachis);SCANNER 2 org ( 2 rachis);16
SCA007;250000;250000;250000;300000;SCANNER CORPS ENTIER;SCANNER CORPS ENTIER;16
SCA008;100000;90000;90000;200000;ANGIO SCANNER;ANGIO SCANNER;16
SCA009;100000;70000;70000;150000;MYELOSCANNER;MYELOSCANNER;16
SCA010;30000;30000;70000;90000;PELVISCAN;PELVISCAN;16
SCA012;70000;80000;80000;120000;SCANNER (Genou, hanches);SCANNER (Genou, hanches ,,,);16
SCA013;155000;180000;180000;200000;SCANNER 3 org (céré + 2rachis);SCANNER 3 org (céré + 2rachis);16
SCA014;175000;180000;180000;200000;SCANNER 3 org ( 3 rachis);SCANNER 3 org ( 3 rachis);16
SCA015;70000;80000;80000;120000;SCANNER THORACIQUE;SCANNER THORACIQUE;16
SCA016;70000;90000;90000;120000;SCANNER ABDOMINAL;SCANNER ABDOMINALE;16
SCA017;70000;80000;80000;120000;SCANNER EPAULE;SCANNER EPAULE;16
SCA018;70000;80000;80000;120000;SCANNER POIGNET;SCANNER POIGNET;16
SCA019;70000;80000;80000;120000;SCANNER MAIN;SCANNER MAIN;16
SCA020;70000;80000;80000;120000;SCANNER BRAS;SCANNER BRAS;16
SCA021;70000;80000;80000;120000;SCANNER AVANT-BRAS;SCANNER AVANT-BRAS;16
SCA022;70000;80000;80000;120000;SCANNER CUISSE;SCANNER CUISSE;16
SCA023;70000;80000;80000;120000;SCANNER JAMBE;SCANNER JAMBE;16
SCA024;70000;80000;80000;120000;SCANNER PIED;SCANNER PIED;16
SCA025;70000;80000;80000;120000;SCANNER CHEVILLE;SCANNER CHEVILLE;16
SCA026;70000;80000;80000;120000;SCANNER COUDE;SCANNER COUDE;16
SCA027;105000;105000;105000;140000;SCANNER Cervico-Dorsale;SCANNER Cervico-Dorsale;16
SCA028;105000;105000;105000;140000;SCANNER Dorso-lombaire;SCANNER Dorso-lombaire;16
SCA029;105000;105000;105000;140000;SCANNER Cervico-Lombaire;SCANNER Cervico-Lombaire;16
SCA030;70000;80000;80000;120000;SCANNER du Bassin;SCANNER du Bassin;16
SCA031;105000;105000;105000;140000;SCANNER Abdomino-pelvienne ;SCANNER Abdomino-pelvienne ;16
SCA034;105000;105000;105000;140000;SCANNER thoraco-abdominal;SCANNER Abdomino-pelvienne ;16
SCA035;25000;20000;20000;25000;PRODUIT DE CONTRASTE;SCANNER CEREBRAL;16
SCA036;70000;90000;90000;120000;SCANNER PELVIENNE;SCANNER PELVIENNE;16
